Inventory_list_LivingSport05-08-21,,,,,,,
,,,,,,,
LivingSport SKU no.,EAN / GS1,Description,Quantity,Next arrival,Comment,GW KG,Brand
Bikes,,,,,,,
270-000482,5701000310117,TITAN LIFE BIKE ATHLETE B'55,155,11/1/21,,41.8,TITAN LIFE
270-101012,5055436108405,Reebok Bike GB40S One Series,0,12/1/21,,34,REEBOK
270-108010,885652011419,Reebok Bike SL8.0,0,11/1/21,,0,REEBOK
270-200039,5701000122109,TITAN LIFE BIKE B35,170,,,0,TITAN LIFE
270-200040,5701000122116,TITAN LIFE BIKE B65,0,10/1/21,,0,TITAN LIFE
270-200054,5701000169012,TITAN LIFE BIKE B80 PRO,113,10/1/21,,0,TITAN LIFE
270-200095,5701000197121,TITAN LIFE BIKE WARM UP,0,8/18/21,,0,TITAN LIFE
400-800001,5701000201378,TITAN LIFE Circulation Trainer Electrical,0,8/17/21,,4.8,TITAN LIFE
Spinbikes,,,,,,,
270-000290,5701000310018,TITAN LIFE BIKE TRAINER S'11,16,10/1/21,,35,TITAN LIFE
270-200053,5701000169005,TITAN LIFE Indoor Bike S80 PRO,0,9/2/21,,0,TITAN LIFE
270-200062,5701000170278,TITAN LIFE Indoor Bike S62,0,10/1/21,,0,TITAN LIFE
270-200063,5701000170292,TITAN LIFE Indoor Bike S72,214,,,0,TITAN LIFE
700-SP200,7610567955007,Turbo-Spray Brunox 500ml.,2,,,0.5,ØVRIGE BRANDS
700-SP400,5701000281233,Brunox Lub & Core,25,,,0.5,ØVRIGE BRANDS
Elliptical Trainer / Crosstrainer,,,,,,,
270-000485,5701000310148,TITAN LIFE CROSSTRAINER ATHLETE C'55,0,11/1/21,,60.5,TITAN LIFE
270-101112,5055436111139,Reebok Crosstrainer GX40S One Series,0,10/1/21,,55.26,REEBOK
270-125110,885652010856,Reebok Crosstrainer ZJET 460,0,11/1/21,,0,REEBOK
270-200041,5701000122123,TITAN LIFE CROSSTRAINER C35,201,1/17/22,,0,TITAN LIFE
270-200042,5701000122130,TITAN LIFE CROSSTRAINER C65,0,10/1/21,,0,TITAN LIFE
270-200055,5701000169029,TITAN LIFE CROSSTRAINER C80 PRO,105,12/1/21,,0,TITAN LIFE
Treadmills,,,,,,,
270-102211,885652017091,Dynamax RunningPad,19,,,0,REEBOK
270-104213,885652014403,Adidas Treadmill T19,0,9/8/21,,108,ADIDAS
270-104214,885652021043,Reebok Treadmill FR30 Floatride Black,0,10/15/21,,0,REEBOK
270-105210,885652014465,Adidas Treadmill T19x,0,9/8/21,,111,ADIDAS
270-107212,5055436116431,Reebok Treadmill Jet 300 Series,0,10/1/21,,100,REEBOK
270-108210,885652010740,Reebok Treadmill SL8.0,0,10/1/21,,126.5,REEBOK
270-200004,5701000020214,TITAN LIFE TREADMILL ATHLETE T'73,0,8/19/21,,0,TITAN LIFE
270-200006,5701000020245,TITAN LIFE TREADMILL T35,0,11/1/21,,0,TITAN LIFE
270-200010,5701000080539,TITAN LIFE TREADMILL T55,23,11/1/21,,45.5,TITAN LIFE
270-200011,5701000080546,TITAN LIFE TREADMILL T65,2,10/1/21,,39,TITAN LIFE
270-200033,5701000122031,TITAN LIFE TREADMILL T80 PRO,0,10/8/21,,0,TITAN LIFE
270-200034,5701000122048,TITAN LIFE TREADMILL T90 PRO,0,8/23/21,,0,TITAN LIFE
270-200035,5701000122055,TITAN LIFE TREADMILL T95 PRO,8,11/1/21,,0,TITAN LIFE
270-200049,5701000168237,TITAN LIFE Treadmill T60 TFT,0,9/2/21,,0,TITAN LIFE
270-200052,5701000168992,TITAN LIFE TREADMILL T82,0,9/15/21,,0,TITAN LIFE
270-200056,5701000169531,TITAN LIFE TREADMILL T63,0,9/3/21,,0,TITAN LIFE
270-200084,5701000175273,TITAN LIFE TREADMILL T92,0,11/1/21,,0,TITAN LIFE
270-200097,5701000197688,TITAN LIFE Treadmill Office 2,0,9/1/21,,0,TITAN LIFE
400-105210,5055436116578,REEBOK Treadmill ZJET 460 + Bluetooth - Black,0,9/8/21,,0,REEBOK
700-20305,5701000209633,Siliconespray 500 ml Treadmills,15,,,0.5,ØVRIGE BRANDS
700-20306,5701000209626,Teflon spray 100 ml Treadmills,16,,,0,ØVRIGE BRANDS
Rowers,,,,,,,
270-116501,5055436105411,Reebok Rower GR - Black,46,11/1/21,,44.4,REEBOK
270-120500,885652010788,Reebok Rower ZJET,0,12/1/21,,40.45,REEBOK
270-200008,5701000074934,TITAN LIFE ROWER TRAINER R'10,77,11/1/21,,17.1,TITAN LIFE
270-200043,5701000122147,TITAN LIFE ROWER R65,0,10/1/21,,0,TITAN LIFE
270-200050,5701000168244,TITAN LIFE ROWER R62,98,1/17/22,,0,TITAN LIFE
270-200051,5701000168251,TITAN LIFE ROWER R72,0,11/1/21,,48,TITAN LIFE
270-200088,5701000184558,TITAN LIFE ROWER R95,83,,,0,TITAN LIFE
270-200089,5701000188495,TITAN LIFE ROWER R35,156,,,0,TITAN LIFE
270-200093,5701000194397,TITAN LIFE ROWER R92 PRO,0,10/15/21,,0,TITAN LIFE
270-200096,5701000197145,TITAN LIFE ROWER R78 WOOD,0,8/18/21,,0,TITAN LIFE
800-C811050,5706411020921,Chlorine Tablets ,102,,,0,TITAN LIFE
Accessories - CV,,,,,,,
400-010029,5060200700075,Reebok Mat floorguard,0,11/2/21,,1.75,REEBOK
400-010030,5060200700105,Reebok Mat Treadmill,72,8/30/21,,3.4,REEBOK
400-010031,5060200700068,Reebok Mat  Bike/Crosstrainer,0,8/30/21,,1.75,REEBOK
400-800069,5701000073173,"TITAN LIFE Protection Mat, 4 pcs.",2,,,0,TITAN LIFE
400-800088,5701000078659,TITAN LIFE Multifunctional Protection Mat,1006,,,3.4,TITAN LIFE
420-127000,885652010191,Adidas Mat Cardio (Floor Protection),0,8/9/21,,0,ADIDAS
Benches + Multimachines,,,,,,,
270-200114,5701000202641,TITAN LIFE BENCH 500 - Adjustable,0,1/3/22,,0,TITAN LIFE
270-200115,5701000202658,TITAN LIFE BENCH 400 - Adjustable,0,1/3/22,,0,TITAN LIFE
400-800011,5701000021174,TITAN LIFE Home Gym 100 kg. Power Station,0,1/3/22,,168,TITAN LIFE
400-800016,5701000021235,TITAN LIFE Hyper Extention,0,1/3/22,,10.5,TITAN LIFE
400-800160,5701000194861,TITAN LIFE BENCH FLAT BENCH II,0,10/15/21,,0,TITAN LIFE
400-800161,5701000194878,TITAN LIFE  HYPER EXTENSION II,0,10/15/21,,0,TITAN LIFE
400-800162,5701000194885,TITAN LIFE BENCH ESSENTIAL BENCH II,0,10/15/21,,0,TITAN LIFE
420-102500,885652000956,Adidas Home Gym 100kg,0,8/20/21,,190.7,ADIDAS
420-103600,885652016452,Adidas Functional Sports Rig,0,9/1/21,,0,ADIDAS
420-104600,885652016445,Adidas Home Gym 45kg,0,8/20/21,,0,ADIDAS
420-105001,885652003261,Adidas Functional Home Rig,0,8/3/21,,0,ADIDAS
610-000310,5701000096202,TITAN LIFE Bench Flat Basic,0,8/17/21,,0,TITAN LIFE
610-000601,5701000085947,TITAN LIFE Power Tower,1,,,0,TITAN LIFE
610-000642,5701000096226,TITAN LIFE Bench Adjustable Pro,31,11/3/21,,0,TITAN LIFE
Accessories,,,,,,,
400-800010,5701000020481,"TITAN LIFE Hula Hoop 1,5kg",257,8/17/21,,1.8,TITAN LIFE
400-800015,5701000021228,TITAN LIFE Doorgym,0,11/3/21,,12,TITAN LIFE
400-800042,5701000024595,TITAN LIFE Push Up Bars,0,11/3/21,,0.5,TITAN LIFE
400-800073,5701000077836,TITAN LIFE Doorway Chin Up Bar,132,12/3/21,,1.6,TITAN LIFE
400-800099,5701000080928,TITAN LIFE Ab Wheel,0,8/17/21,,0.5,TITAN LIFE
400-800125,5701000120129,TITAN LIFE Mini Stepper,604,8/17/21,,0,TITAN LIFE
420-114000,885652002288,Adidas Handgrips,1172,,,0.333,ADIDAS
420-114020,885652002356,Adidas Door Gym,1211,10/5/21,,4,ADIDAS
420-114040,885652002370,Adidas Ab Wheel,1008,,,0.608,ADIDAS
420-116060,885652003636,Adidas Mini stretchband set 3 pcs.,2447,,,0.2,ADIDAS
420-120113,5701000206182,Adidas Push up bars - Premium,0,8/9/21,,0,ADIDAS
420-122311,885652000741,Adidas Push up Bars,873,8/30/21,,0.917,ADIDAS
440-000001,5713310001036,6D SLIDING 2 sliders w/carrybag. Online train code,257,,,0,ØVRIGE BRANDS
440-000002,5713310001012,6D SLIDING PRO 4 sliders w/carrybag Online code,75,,,0,ØVRIGE BRANDS
440-000003,5713310001111,6D SLIDING Box 10. 10 pcs. in a box. 5 sets,8,,,0,ØVRIGE BRANDS
440-000004,5713310001609,6D SLIDING Box 60. 60 sliders in box. 30 sets,2,,,0,ØVRIGE BRANDS
440-000005,5713310001753,6D SLIDING Mini White. Mini Disp. 60 pcs. 30 sets,1,,,0,ØVRIGE BRANDS
440-000007,5701000154094,"6D SLIDING Care 6D Carebox 10 pcs., 5 sets",7,,,0,ØVRIGE BRANDS
470-000310,0747180341492,"Boobuddy Black Small, 1 pcs.",49,,,0,ØVRIGE BRANDS
470-000311,0747180341560,"Boobuddy Black Medium, 1 pcs.",19,,,0,ØVRIGE BRANDS
470-000312,0747180341539,"Boobuddy Pink Small, 1 pcs.",21,,,0,ØVRIGE BRANDS
610-000801,5701000113404,TITAN LIFE Ab Wheel (Fat wheel) Black,518,,,0,TITAN LIFE
Gloves,,,,,,,
420-123313,885652004596,Adidas Gloves Sh. Fingered Perf Red S,45,,,0.8,ADIDAS
420-123341,885652002783,Adidas Gloves Sh. Fingered Perf. Red XL,46,,,0.072,ADIDAS
610-000076,5701000095588,TITAN LIFE Ankel strap. Leather. Adjustable Black,186,,,0,TITAN LIFE
Step Benches,,,,,,,
400-110150,885652014373,Reebok Step Mini,601,,,0,REEBOK
400-211503,5055436115595,Reebok Step Studio DELTA,220,8/9/21,,8,REEBOK
400-220002,5055436104506,Reebok Rack for Step GREY Studio,12,,,5.6,REEBOK
499-101500,5701000258891,Reebok Step Sparepart Platform Red,216,,,0.7,REEBOK
499-101501,5701000270800,Reebok Step Sparepart Connector Red,292,,,0.01,REEBOK
499-101530,5701000144798,Reebok Step Sparepart: Clip - All Steps,10614,,,0.01,REEBOK
499-101532,5701000162136,Reebok Step Sparepart: Rubber Feet - All,2768,,,0.01,REEBOK
Jump,,,,,,,
400-216080,5055436115120,Reebok Jump Rope Leather DELTA Studio,325,8/10/21,,0.3,REEBOK
400-216081,5055436115113,Reebok Jump Rope DELTA Studio,0,8/9/21,,0,REEBOK
400-216082,5055436115106,Reebok Speed Rope DELTA Studio,0,8/9/21,,0.2,REEBOK
420-110160,885652004343,Adidas jump Cable Skipping Rope,417,,,0.3,ADIDAS
610-000144,5701000097063,TITAN LIFE Jump rope. Color Black,659,,,0,TITAN LIFE
Mats,,,,,,,
400-110140,885652009881,Reebok Mat Fitness 7mm Black,0,10/5/21,,0,REEBOK
400-110141,885652009904,Reebok Mat Training 7mm Red,300,,,0,REEBOK
400-110151,885652020411,Reebok Mat Training 10mm Black,298,,,0,REEBOK
400-110221,0885652009805,Reebok Mat Yoga 4mm Purple,0,1/4/22,,0,REEBOK
400-110222,5055436110330,Reebok Mat Yoga 4mm Green,0,1/4/22,,0,REEBOK
400-216021,5055436115496,Reebok Mat DELTA Studio,1205,,,1,REEBOK
400-216022,5055436115526,Reebok Mat Yoga Elite DELTA Studio,597,,,1,REEBOK
400-216026,885652010863,Reebok Mat Yoga Delta BLACK,1000,9/17/21,,1,REEBOK
400-220000,5055436104438,Reebok Rack for Mat GREY Studio,4,,,0,REEBOK
400-900270,5701000291805,Reebok Rack for Wall for Mat BLACK,154,1/3/22,,5,REEBOK
420-101000,885652012492,Adidas Mat Yoga 8mm Raw Green,107,10/5/21,,0,ADIDAS
420-101002,885652012478,Adidas Mat Yoga 8mm Mystery Ruby,240,,,0,ADIDAS
420-101003,885652012485,Adidas Mat Yoga 8mm Trace Blue,125,10/5/21,,0,ADIDAS
420-160280,5055436116691,Reebok Mat Pilates w/eyelets BLACK 2019 Version,1026,,,0,REEBOK
420-202000,885652020008,Adidas Yoga Strap Grey,107,,,0,ADIDAS
610-000128,5701000096424,"TITAN LIFE Mat Training 180x60x1,5cm. Blue",1657,7/28/21,,0,TITAN LIFE
610-000129,5701000096448,"TITAN LIFE Mat Training. 177x60x1,5cm. Grey",279,8/10/21,,0,TITAN LIFE
610-000777,5701000096547,TITAN LIFE Yoga Mat. Color: Blue,2378,,,0,TITAN LIFE
610-000778,5701000083806,Comfortgym 100 x 60cm x 7mm,40,,,0,TITAN LIFE
610-000779,5701000096561,TITAN LIFE Yoga Mat. Color: Pink,0,12/3/21,,0,TITAN LIFE
610-000780,5701000096585,TITAN LIFE Yoga Mat. Color:  Black incl. Eyelet,0,12/3/21,,0,TITAN LIFE
Kettlebells,,,,,,,
610-000113,5701000094222,UDGÅET - TITAN LIFE Kettlebell 10kg. Plastic,0,,,0,TITAN LIFE
610-000117,5701000094307,UDGÅET - TITAN LIFE Kettlebell 4kg. Plastic,0,,,0,TITAN LIFE
610-000118,5701000094321,UDGÅET - TITAN LIFE Kettlebell 6kg. Plastic,1,,,0,TITAN LIFE
610-000119,5701000094345,TITAN LIFE Kettlebell 8kg. Plastic,35,,,0,TITAN LIFE
610-000734,5701000089280,TITAN LIFE Kettlebell 10kg Purple. Cast iron w/Vin,0,7/28/21,,0,TITAN LIFE
610-000735,5701000089303,TITAN LIFE Kettlebell 12kg Red. Cast iron w/Vin,0,7/28/21,,0,TITAN LIFE
610-000736,5701000089327,TITAN LIFE Kettlebell 16kg Orange Cast iron w/Vin,0,7/28/21,,0,TITAN LIFE
610-000737,5701000089341,TITAN LIFE Kettlebell 20kg Blue. Cast iron w/Vin,0,7/28/21,,0,TITAN LIFE
610-000738,5701000089365,TITAN LIFE Kettlebell 4kg Red. Cast iron incl. Vin,0,1/3/22,,0,TITAN LIFE
610-000739,5701000089389,TITAN LIFE Kettlebell 6kg Green. Cast iron w/Vin,0,1/3/22,,0,TITAN LIFE
610-000740,5701000089402,TITAN LIFE Kettlebell 8kg Blue. Cast iron w/Vin,0,1/3/22,,0,TITAN LIFE
Medicinballs,,,,,,,
400-201840,5055436104841,Reebok Wallball 12kg Studio,5,,,12,REEBOK
400-210103,5055436114048,Reebok Med Ball Dynamax 3kg Studio,12,,,3.65,REEBOK
400-210105,5055436114062,Reebok Med Ball Dynamax 5kg Studio,5,,,5.65,REEBOK
400-210106,5055436114079,Reebok Med Ball Dynamax 6kg Studio,16,,,7,REEBOK
400-210108,5055436114093,Reebok Med Ball Dynamax 8kg Studio,37,,,9,REEBOK
400-210109,5055436114109,Reebok Med Ball Dynamax 9kg Studio,13,,,10,REEBOK
400-210110,5055436114116,Reebok Med Ball Dynamax 10kg Studio,19,,,11,REEBOK
400-210111,5055436114123,Reebol Med Ball Dynamax 11kg Studio,8,,,12,REEBOK
400-210112,5055436114130,Reebok Med Ball Dynamax 12kg Studio,2,,,13,REEBOK
400-300240,5701000254275,Titan Box Wall Ball Large Rage 8kg,4,,,8.5,TITAN LIFE
610-000477,5701000091467,Medicinbold 10kg,7,,,0,TITAN LIFE
610-000479,5701000091481,Medicinbold 1kg,8,,,0,TITAN LIFE
610-000487,5701000091566,Medicinbold 5kg,7,,,0,TITAN LIFE
610-000489,5701000091580,TITAN LIFE Medicinball 6kg,1,,,0,TITAN LIFE
610-000491,5701000091603,Medicinbold 7kg,15,,,0,TITAN LIFE
610-000493,5701000091627,Medicinbold 8kg,11,,,0,TITAN LIFE
610-000494,5701000091641,Medicinbold 9kg,11,,,0,TITAN LIFE
610-000715,5701000097520,Trampolin Til Medicinbolde,22,,,0,TITAN LIFE
610-000749,5701000091061,"Vægtbold 0,5kg",40,,,0,TITAN LIFE
610-000750,5701000091085,Vægtbold 1kg,37,,,0,TITAN LIFE
610-000751,5701000091108,Vægtbold 2kg,7,,,0,TITAN LIFE
610-000752,5701000091122,Vægtbold 3kg,8,,,0,TITAN LIFE
610-000754,5701000091160,Vægtbold 4kg,4,,,0,TITAN LIFE
610-000756,5701000087408,Wall Ball 10kg Træningsbold,2,,,0,TITAN LIFE
Resistance tubes,,,,,,,
400-216075,5055436115069,Reebok Resistance Tube Light DELTA Studi,0,8/9/21,,0.2,REEBOK
400-216076,5055436115076,Reebok Resistance Tube Med. DELTA Studio,0,8/30/21,,0.2,REEBOK
400-216077,5055436115083,Reebok Resistance Tube Heavy DELTA Studi,0,,,0.2,REEBOK
400-220003,5055436104599,Reebok Rack for Tubes GREY Studio,18,,,19,REEBOK
610-000100,5701000091726,TITAN LIFE Resistance Tube. Level Hard Black,300,12/3/21,,0,TITAN LIFE
610-000101,5701000091702,TITAN LIFE Resistance Tube. Level Light Black,1,12/3/21,,0,TITAN LIFE
610-000102,5701000091689,TITAN LIFE Resistance Tube. Level Medium BLack,985,12/3/21,,0,TITAN LIFE
Handweights,,,,,,,
270-000137,5701000205949,Vægtsæt 60 kg - 4 colli,0,8/2/22,,0,TITAN LIFE
400-211066,5055436113812,Reebok Dumbbell Hex 30kg Studio,1,,,30.1,REEBOK
400-211069,5055436112006,Reebok Dumbbell Hex 45kg Studio,3,,,45.1,REEBOK
400-216051,5055436115212,Reebok Handweight 1kg DELTA Studio,20,,,1.2,REEBOK
400-800062,5701000073104,UDGÅET - TITAN LIFE Balance  & Weight Board,0,,,0,TITAN LIFE
400-800618,5701000101234,TITAN LIFE PRO Dumbbell 18kg PU BLUE,0,,,0,TITAN LIFE
400-800622,5701000101258,TITAN LIFE PRO Dumbbell 22kg PU BLUE,2,,,0,TITAN LIFE
400-800626,5701000101272,TITAN LIFE PRO Dumbbell 26kg PU BLUE,14,,,0,TITAN LIFE
400-800628,5701000101289,TITAN LIFE PRO Dumbbell 28kg PU BLUE,0,,,0,TITAN LIFE
400-800630,5701000101296,TITAN LIFE PRO Dumbbell 30kg PU BLUE,11,,,0,TITAN LIFE
400-800632,5701000101302,TITAN LIFE PRO Dumbbell 32kg PU BLUE,23,,,0,TITAN LIFE
400-800636,5701000101326,TITAN LIFE PRO Dumbbell 36kg PU BLUE,11,,,0,TITAN LIFE
400-800638,5701000101333,TITAN LIFE PRO Dumbbell 38kg PU BLUE,15,,,0,TITAN LIFE
400-800640,5701000101340,TITAN LIFE PRO Dumbbell 40kg PU BLUE,24,,,0,TITAN LIFE
400-800642,5701000101364,TITAN LIFE PRO Dumbbell 42kg PU BLUE,14,,,0,TITAN LIFE
400-800644,5701000101371,TITAN LIFE PRO Dumbbell 44kg PU BLUE,14,,,0,TITAN LIFE
400-800646,5701000101388,TITAN LIFE PRO Dumbbell 46kg PU BLUE,11,,,0,TITAN LIFE
400-800648,5701000101395,TITAN LIFE PRO Dumbbell 48kg PU BLUE,9,,,0,TITAN LIFE
400-800650,5701000101401,TITAN LIFE PRO Dumbbell 50kg PU BLUE,6,,,0,TITAN LIFE
610-000021,5701000093843,20kg Pro Håndvægt,1,,,0,TITAN LIFE
610-000025,5701000093881,24kg Pro Håndvægt,1,,,0,TITAN LIFE
610-000031,5701000093829,2kg Pro Håndvægt,12,,,0,TITAN LIFE
610-000036,5701000093980,34kg Pro Håndvægt,1,,,0,TITAN LIFE
610-000040,5701000093584,TITAN LIFE Aerobic Handwight 3 kg,5,,,0,TITAN LIFE
610-000041,5701000094062,40kg Pro Håndvægt,3,,,0,TITAN LIFE
610-000043,5701000094109,44kg Pro Håndvægt,2,,,0,TITAN LIFE
610-000047,5701000093607,TITAN LIFE Aerobic Handweight 4 kg,21,,,0,TITAN LIFE
610-000048,5701000094048,4kg Pro Håndvægt,2,,,0,TITAN LIFE
610-000112,5701000094864,TITAN LIFE Dumbbell 20 kg. 1 pcs. Adjustable/con,0,10/4/21,,0,TITAN LIFE
610-000154,5701000085282,"UDGÅET - TITAN LIFE Handweight Pow 2,5 - 24kg",62,,,0,TITAN LIFE
610-000670,5701000095625,"Stativ til håndvægte, aerobic",14,,,0,TITAN LIFE
Storage rack,,,,,,,
400-216330,5055436115359,Reebok Rack for dumbbell DELTA,1,,,42,REEBOK
610-000088,5701000095960,Barbell Rack,8,,,0,TITAN LIFE
610-000279,5701000095649,Dumbbell Rack / Stativ til håndvægte 10 par,6,,,0,TITAN LIFE
610-000664,5701000095786,Stativ til 10 sæt håndvægte,1,,,0,TITAN LIFE
610-000671,5701000089945,Stativ til håndvægte (uden vægte!),3,,,0,TITAN LIFE
610-000745,5701000097445,Vægbeslag til måtte,1,,,0,TITAN LIFE
610-000783,5701000099227,Rack for 5 sets of MD2108,0,,,0,TITAN LIFE
Pump,,,,,,,
400-211093,5055436104650,"Reebok Rep set discs 2x1,25kg Studio, 30mm",39,,,2.5,REEBOK
400-211600,885652011778,Reebok Rep Set 20kg DELTA 25mm,524,,,0,REEBOK
400-211601,885652011785,"Reebok Rep Discs 1,25kg set of 2 DELTA 25mm",126,,,0,REEBOK
400-211602,885652011792,"Reebok Rep Discs 2,5kg set of 2 DELTA 25mm",123,,,0,REEBOK
400-211605,885652011808,Reebok Rep Discs 5kg set of 2 DELTA 25mm,663,,,0,REEBOK
400-211606,885652011815,Reebok Rep Bar DELTA 25mm,78,,,0,REEBOK
400-211607,885652011822,Reebok Rep Collars set of 2 DELTA 25mm,111,,,0,REEBOK
400-216091,5055436115137,"Reebok Rep discs 2 x 1,25kg DELTA 30mm",54,,,0,REEBOK
400-216092,5055436115144,"Reebok Rep discs 2 x 2,5kg DELTA 30mm",33,,,0,REEBOK
400-216095,5055436115175,Reebok rep set Steel bar DELTA 30mm,281,,,2.5,REEBOK
400-216096,5055436115182,Reebok Rep Muscle Clamps DELTA 30mm,468,,,0,REEBOK
400-900260,5701000291799,"Reebok Rack for Rep sets, 20 pcs. BLACK",0,1/3/22,,28,REEBOK
610-000120,5701000089440,TITAN LIFE Pump set 20 kg. 1 pcs.,58,8/10/21,,0,TITAN LIFE
610-000156,5701000089464,Bodybar 2kg,107,,,0,TITAN LIFE
610-000157,5701000089488,Bodybar 3kg,31,,,0,TITAN LIFE
610-000730,5701000095861,Træningsstativ til opbevaring af Pumpset,4,,,0,TITAN LIFE
Stability,,,,,,,
400-210150,5060200702758,Reebok Gymball 55cm ABS - Orange Studio,19,,,1.4,REEBOK
400-216015,5055436115618,Reebok Gymball 55cm DELTA Studio,44,10/5/21,,1.5,REEBOK
400-216016,5055436115625,Reebok Gymball 65cm DELTA Studio,425,,,1.8,REEBOK
400-216017,5055436115632,Reebok Gymball 75cm DELTA Studio,97,,,1.8,REEBOK
400-500010,7298417430722,bobo Balance Trainer - Home,0,,,0,ØVRIGE BRANDS
400-500011,7298417430739,bobo Balance Trainer - Motion,5,,,0,ØVRIGE BRANDS
400-900240,5701000291768,"Reebok Rack for Gymball, 1 pce, BLACK",0,1/3/22,,10,REEBOK
610-000083,5701000092662,TTIAN LIFE Balance Pad Air. Color: Black,801,,,0,TITAN LIFE
610-000655,5701000091207,Smart Pumpe til træningsbolde,242,,,0,TITAN LIFE
Pilates,,,,,,,
400-216023,5055436115564,Reebok Yoga Strap DELTA,140,,,0,REEBOK
400-800985,5701000169340,TITAN LIFE PRO Yoga Block,1394,,,0,TITAN LIFE
610-000105,5701000096820,Billig Foam Roller 15x45cm Blå,149,,,0,TITAN LIFE
610-000106,5701000096660,TITAN LIFE Foam Roller. Color: Blue,846,,,0,TITAN LIFE
610-000107,5701000096684,TITAN LIFE Foam Roller. Color: Green,367,,,0,TITAN LIFE
610-000314,5701000096806,TITAN LIFE foam roller 15x90cm. Color: Blue,555,,,0,TITAN LIFE
610-000467,5701000097025,TITAN LIFE Foam Roller 10 x 30 cm. Small. Black.,107,,,0,TITAN LIFE
610-000512,5701000096844,TITAN LIFE Foam Roller 32 x 15cm. Blue,154,,,0,TITAN LIFE
610-000590,5701000086821,Pilates Bold 22cm,191,,,0,TITAN LIFE
610-000771,5701000096943,TITAN LIFE Foam Roller Yoga. Black,10,,,0,TITAN LIFE
610-000773,5701000096981,TITAN LIFE Foam Roller Yoga. Orange,56,,,0,TITAN LIFE
Agility - Speed Training,,,,,,,
400-212050,5060200701850,Reebok Lateral Endurance Hurdle Studio,15,,,4.5,REEBOK
400-500012,5701000164796,BlazePod Trainer 6 pcs. +app+bag+power station ,75,,,0,BLAZEPOD
400-500013,5701000164802,BlazePod Standard 4 pcs. +app+bag+power station,114,,,0,BLAZEPOD
400-500014,5701000173767,Blazepod Single Pod. excl. power station,161,,,0,BLAZEPOD
400-500015,5701000173774,Blazepod Functional Adapter Kit+strap+cup+adapter,80,,,0,BLAZEPOD
400-500016,5701000173798,Blazepod Cone Adapter Kit ,57,,,0,BLAZEPOD
400-500017,5701000173804,UDGÅET - Blazepod Hardcase 6 pcs. incl. handle,3,,,0,BLAZEPOD
400-500018,5701000173811,Blazepod Hardcase 4 pcs. incl. handle,9,,,0,BLAZEPOD
Boxing,,,,,,,
400-103202,5055436114239,Reebok Combat Leather MMA Gloves L,2,,,0.3,REEBOK
400-104203,5055436114284,Reebok Combat MMA Glove XL,11,,,0.3,REEBOK
400-111580,5055436116011,Reebok Combat Hand Wraps (2m) Black,6,,,0.11,REEBOK
400-111712,885652010979,Reebok Retail Boxing Gloves 12OZ Gold/Black,92,,,0.8,REEBOK
400-111714,885652010986,Reebok Retail Boxing Gloves 14OZ Gold / Black,38,,,1,REEBOK
400-111716,885652010993,Reebok Boxing Gloves 16OZ Gold / Black,26,,,0,REEBOK
400-112750,5055436112655,Reebok Combat Grappling Bag,2,,,21.1,REEBOK
400-120112,885652010412,Reebok Retail Boxing Gloves - 12OZ Black,49,,,0.42,REEBOK
400-120114,885652010429,Reebok Retail Boxing Gloves - 14OZ Black,69,,,0.45,REEBOK
400-120116,885652010436,Reebok Boxing Gloves - 16oz Black,46,,,0,REEBOK
400-210075,5055436113300,Reebok Combat Boxing Mitts S Purple,3,,,0.7,REEBOK
400-210078,5055436113416,Reebok Combat Boxing Mitts XL Grey,4,,,0.7,REEBOK
400-210101,5055436113607,Reebok Combat Leather Training Glov 14OZ,4,,,0.2,REEBOK
470-000184,8965005123036,Starpro Boxing Crepe Bandage Black,8,,,0.075,STARPRO
Suspension,,,,,,,
610-000078,5701000092426,TITAN LIFE Suspension Trainer. Color Army,0,12/3/21,,0,TITAN LIFE
610-000618,5701000091887,TITAN LIFE Suspension Trainer.Color: Black,388,11/3/21,,0,TITAN LIFE
610-000744,5701000096141,TITAN LIFE Wall & ceiling attach. for ALL suspensi,525,,,0,TITAN LIFE
Timer,,,,,,,
610-000796,5701000103351,UDGÅET - TITAN LIFE Crossfit Timer,0,,,0,TITAN LIFE
Gym Rings,,,,,,,
610-000386,5701000091863,TITAN LIFE Gym rings - Synthetic I - Black rings,488,,,0,TITAN LIFE
Various,,,,,,,
400-210500,5055436111634,Reebok Parallette Bars Delta Studio,189,,,5,REEBOK
500-400400,5701000117259,Ergotile Quad C4 1000*1000*15mm Sort/grå,555,10/20/21,,0,ØVRIGE BRANDS
500-400500,5701000117266,Ergotile Quad C1 1000*1000*15mm Sort,305,10/20/21,,0,ØVRIGE BRANDS
610-000513,5701000086401,"Prallelgreb 95cm, buet",17,,,0,TITAN LIFE
610-000538,5701000095328,Parallelgreb 85 cm,17,,,0,TITAN LIFE
610-000607,5701000092969,Powerbag 5kg,8,,,0,TITAN LIFE
610-000718,5701000095366,Triceps Push Down,4,,,0,TITAN LIFE
Strength Bands,,,,,,,
360-100400,5701000211995,MD Strength Band 2 1/2 inch Medium Blue,0,,,0.7,ØVRIGE BRANDS
360-110410,5701000257726,MD Recovery Band Orange,0,,,0.3,ØVRIGE BRANDS
400-030030,5701000111943,Elasticband White - Light,817,,,0.1,ØVRIGE BRANDS
400-030031,5701000111950,Elasticband Yellow - Heavy,488,,,0.1,ØVRIGE BRANDS
400-030032,5701000111967,Elasticband Blue - Medium,791,,,0.1,ØVRIGE BRANDS
Weight Vest,,,,,,,
400-112810,885652017336,Reebok Weight Vest 5kg,0,11/3/21,,0,REEBOK
400-112820,885652017350,Reebok Weight Vest 10kg,0,11/3/21,,0,REEBOK
400-800000,5701000180383,TITAN LIFE Weight Vest 30kg,0,4/4/22,,31.5,TITAN LIFE
400-800133,5701000147553,TITAN LIFE TACTICAL VEST 14kg Black,0,12/3/21,,0,TITAN LIFE
420-127005,885652000291,Adidas Full Body Weight Vest,0,8/9/21,,0,ADIDAS
610-000726,5701000087644,TITAN LIFE Weightlifting Belt Leather,82,,,0,TITAN LIFE
Plyometric BOX,,,,,,,
400-800092,5701000080614,TITAN LIFE PRO Plyo Box Wood,85,,,16,TITAN LIFE
610-000598,5701000096042,"TITAN LIFE Plyo Box, wood,  40x50x60cm",192,,,0,TITAN LIFE
Slammer Ball,,,,,,,
400-202305,5055436111818,Reebok Slam Ball 2 kg Delta Studio,8,,,2.1,REEBOK
400-202310,5055436111825,Reebok Slam Ball 3 kg Delta Studio,13,,,3.1,REEBOK
610-000644,5701000087200,Slammer Ball 12kg,6,,,0,TITAN LIFE
610-000645,5701000087224,Slammer Ball 14kg,4,,,0,TITAN LIFE
610-000647,5701000087262,Slammer Ball 16kg,37,,,0,TITAN LIFE
610-000648,5701000087286,Slammer Ball 18kg,6,,,0,TITAN LIFE
610-000649,5701000087309,Slammer Ball 20kg,1,,,0,TITAN LIFE
610-000652,5701000087361,Slammer Ball 8kg,2,,,0,TITAN LIFE
Battle Rope,,,,,,,
610-000455,5701000092181,Klatrereb 8 m,8,,,0,TITAN LIFE
Chalk,,,,,,,
400-800081,5701000077874,TITAN LIFE PRO Chalk,54,8/10/21,,0.6,TITAN LIFE
Bars,,,,,,,
610-000307,5701000094901,"Fjederlås 30mm, sæt à 2",202,,,0,TITAN LIFE
610-000309,5701000094925,"Fjederlås 50mm, sæt à 2",508,,,0,TITAN LIFE
610-000470,5701000094963,Lock Jaw Aluminium Sort,0,,,0,TITAN LIFE
610-000525,5701000095168,TITAN LIFE Olympisk HEX Bar,0,8/17/21,,0,TITAN LIFE
610-000526,5701000095007,TITAN LIFE Olympic Bar 10kg 120cm,33,8/10/21,,0,TITAN LIFE
610-000527,5701000095021,TITAN LIFE Olympic Bar. 15 kg. 183cm. Dia. 50mm,18,8/10/21,,0,TITAN LIFE
610-000528,5701000095045,TITAN LIFE Olympic Bar. 20 kg. 220cm. Dia. 50mm,86,8/10/21,,0,TITAN LIFE
610-000716,5701000095144,Triceps Bar,40,,,0,TITAN LIFE
Plates,,,,,,,
400-201017,5055436118572,Reebok Rack vertical for plate Studio,85,,,10.5,REEBOK
400-202000,5055436116394,Reebok Rack horizontal for plate Studio,14,,,16,REEBOK
400-300930,5701000272248,Titan BOX Plate Bumper Elite 25kg pc.,15,,,25,TITAN LIFE
610-000000,5701000086661,"1,25kg OL Vægtskive Poly Urethane",73,,,0,TITAN LIFE
610-000001,5701000086562,"TITAN LIFE Weight disc Pro. OL 50mm. 1,25kg",0,8/17/21,,0,TITAN LIFE
610-000007,5701000086586,TITAN LIFE Weight disc Pro. OL 50mm. 10kg,0,8/10/21,,0,TITAN LIFE
610-000012,5701000090842,TITAN LIFE Weight disc Pro. OL 50mm. 15kg,1,8/10/21,,0,TITAN LIFE
610-000018,5701000086609,"TITAN LIFE Weight disc Pro. OL 50mm. 2,5kg",386,8/10/21,,0,TITAN LIFE
610-000022,5701000086623,TITAN LIFE Weight disc Pro. OL 50mm. 20kg,1,8/10/21,,0,TITAN LIFE
610-000023,5701000090705,20kg Vægtskive 50mm,4,,,0,TITAN LIFE
610-000026,5701000086760,25kg OL Vægtskive Poly Urethane,22,,,0,TITAN LIFE
610-000053,5701000086647,TITAN LIFE Weight disc Pro. OL 50mm. 5kg,2,8/10/21,,0,TITAN LIFE
610-000213,5701000090767,TITAN LIFE Bumper Plate 10kg. Dia. 50mm. Rubber Bl,0,10/4/21,,0,TITAN LIFE
610-000215,5701000090781,TITAN LIFE Bumper Plate 15kg. Dia. 50mm. Rubber  B,0,10/4/21,,0,TITAN LIFE
610-000216,5701000090804,TITAN LIFE Bumper Plate 20kg Dia. 50mm Rubber B.,0,10/4/21,,0,TITAN LIFE
610-000218,5701000090828,TITAN LIFE Bumper Plate 5kg. Dia. 50mm. Rubber Bla,0,10/4/21,,0,TITAN LIFE
610-000520,5701000097223,"TITAN LIFE Weight disc. 0,5 kg.Dia. 50 mm. Steel ",0,8/10/21,,0,TITAN LIFE
610-000521,5701000097247,"TITAN LIFE Weight disc. 0,75 kg. Dia.50 mm. Steel",0,8/10/21,,0,TITAN LIFE
610-000523,5701000097261,TITAN LIFE Weight disc.1 kg. Dia. 50 mm. Steel,0,8/10/21,,0,TITAN LIFE
610-000803,5701000181465,TITAN LIFE Weight Disc 5 kg. Rubber. Ø50mm. Black,398,8/17/21,,0,TITAN LIFE
610-000804,5701000181472,TITAN LIFE Weight Disc 10 kg. Rubber. Ø50mm. Black,520,8/17/21,,0,TITAN LIFE
610-000805,5701000181489,TITAN LIFE Weight Disc 15 kg. Rubber. Ø50mm. Black,452,8/17/21,,0,TITAN LIFE
610-000806,5701000181496,TITAN LIFE Weight Disc 20 kg. Rubber. Ø50mm. Black,346,8/17/21,,0,TITAN LIFE
Stands,,,,,,,
400-210603,5055436111641,Reebok Wallmount.pullup Delta Studio,0,9/1/21,,7,REEBOK
400-800164,5701000194908,TITAN LIFE Squat stand & Chin up II,0,8/18/21,,0,TITAN LIFE
400-800165,5701000194915,TITAN LIFE Squat stand II,0,8/18/21,,0,TITAN LIFE
Massage,,,,,,,
400-800131,5701000132757,TITAN LIFE Massage Trigger Gun Black,23,,,0,TITAN LIFE
400-800141,5701000173422,TITAN LIFE Vibration Dual Trigger Head Black,60,,,0,TITAN LIFE
440-000028,5701000175143,"Theragun Massager Pro, Black",88,,,0,THERAGUN
440-000029,5701000175150,"Theragun Massager Elite, Black",33,,,0,THERAGUN
440-000030,5701000175167,"Theragun Massager Prime, Black",26,,,0,ØVRIGE BRANDS
440-000031,5701000175174,"Theragun Massager Mini, Black",36,,,0,ØVRIGE BRANDS
440-000032,5701000175181,Theragun Massager Waveroller,5,,,0,ØVRIGE BRANDS
Airtracks,,,,,,,
400-800158,5701000189577,TITAN LIFE Air Jump Track 3,50,,,0,TITAN LIFE
400-800159,5701000189560,TITAN LIFE Air Jump Track 4,45,,,0,TITAN LIFE
