5701000310117,145,270-000482,TITAN LIFE BIKE ATHLETE B'55,41,8,TITAN LIFE,01-11-2021,
5055436108405,0,270-101012,Reebok Bike GB40S One Series,34,REEBOK,01-12-2021,
885652011419,0,270-108010,Reebok Bike SL8.0,0,REEBOK,01-11-2021,
5701000122109,198,270-200039,TITAN LIFE BIKE B35,0,TITAN LIFE,,
5701000122116,0,270-200040,TITAN LIFE BIKE B65,0,TITAN LIFE,01-10-2021,
5701000169012,0,270-200054,TITAN LIFE BIKE B80 PRO,0,TITAN LIFE,02-07-2021,
5701000197121,0,270-200095,TITAN LIFE BIKE WARM UP,0,TITAN LIFE,17-08-2021,
5701000201378,0,400-800001,TITAN LIFE Circulation Trainer Electrical,4,8,TITAN LIFE,17-08-2021,
5701000310018,2,270-000290,TITAN LIFE BIKE TRAINER S'11,35,TITAN LIFE,01-09-2021,
5701000169005,0,270-200053,TITAN LIFE Indoor Bike S80 PRO,0,TITAN LIFE,01-09-2021,
5701000170278,0,270-200062,TITAN LIFE Indoor Bike S62,0,TITAN LIFE,01-10-2021,
5701000170292,0,270-200063,TITAN LIFE Indoor Bike S72,0,TITAN LIFE,23-07-2021,
7610567955007,26,700-SP200,Turbo-Spray Brunox 500ml.,0,5,�VRIGE BRANDS,,
5701000281233,21,700-SP400,Brunox Lub & Core,0,5,�VRIGE BRANDS,,
5701000310148,0,270-000485,TITAN LIFE CROSSTRAINER ATHLETE C'55,60,5,TITAN LIFE,01-11-2021,
5055436111139,0,270-101112,Reebok Crosstrainer GX40S One Series,55,26,REEBOK,01-10-2021,
885652010856,0,270-125110,Reebok Crosstrainer ZJET 460,0,REEBOK,01-11-2021,
5701000122123,203,270-200041,TITAN LIFE CROSSTRAINER C35,0,TITAN LIFE,17-01-2022,
5701000122130,0,270-200042,TITAN LIFE CROSSTRAINER C65,0,TITAN LIFE,01-10-2021,
5701000169029,0,270-200055,TITAN LIFE CROSSTRAINER C80 PRO,0,TITAN LIFE,05-07-2021,
885652017091,20,270-102211,Dynamax RunningPad,0,REEBOK,,
885652014403,0,270-104213,Adidas Treadmill T19,108,ADIDAS,02-08-2021,
885652021043,0,270-104214,Reebok Treadmill FR30 Floatride Black,0,REEBOK,01-09-2021,
885652014465,0,270-105210,Adidas Treadmill T19x,111,ADIDAS,02-08-2021,
5055436116431,0,270-107212,Reebok Treadmill Jet 300 Series,100,REEBOK,07-07-2021,
885652010740,0,270-108210,Reebok Treadmill SL8.0,126,5,REEBOK,01-10-2021,
5701000020214,0,270-200004,TITAN LIFE TREADMILL ATHLETE T'73,0,TITAN LIFE,01-09-2021,
5701000020245,0,270-200006,TITAN LIFE TREADMILL T35,0,TITAN LIFE,12-07-2021,
5701000080539,3,270-200010,TITAN LIFE TREADMILL T55,45,5,TITAN LIFE,01-11-2021,
5701000080546,0,270-200011,TITAN LIFE TREADMILL T65,39,TITAN LIFE,12-07-2021,
5701000122031,0,270-200033,TITAN LIFE TREADMILL T80 PRO,0,TITAN LIFE,01-09-2021,
5701000122048,0,270-200034,TITAN LIFE TREADMILL T90 PRO,0,TITAN LIFE,13-08-2021,
5701000122055,14,270-200035,TITAN LIFE TREADMILL T95 PRO,0,TITAN LIFE,01-11-2021,
5701000168237,7,270-200049,TITAN LIFE Treadmill T60 TFT,0,TITAN LIFE,16-08-2021,
5701000168992,0,270-200052,TITAN LIFE TREADMILL T82,0,TITAN LIFE,01-09-2021,
5701000169531,0,270-200056,TITAN LIFE TREADMILL T63,0,TITAN LIFE,18-08-2021,
5701000175273,0,270-200084,TITAN LIFE TREADMILL T92,0,TITAN LIFE,01-11-2021,
5701000197688,0,270-200097,TITAN LIFE Treadmill Office 2,0,TITAN LIFE,02-08-2021,
5055436116578,0,400-105210,REEBOK Treadmill ZJET 460 + Bluetooth - Black,0,REEBOK,10-08-2021,
5701000209633,21,700-20305,Siliconespray 500 ml Treadmills,0,5,�VRIGE BRANDS,,
5701000209626,17,700-20306,Teflon spray 100 ml Treadmills,0,�VRIGE BRANDS,,
5055436105411,0,270-116501,Reebok Rower GR - Black,44,4,REEBOK,28-06-2021,
885652010788,0,270-120500,Reebok Rower ZJET,40,45,REEBOK,01-12-2021,
5701000074934,0,270-200008,TITAN LIFE ROWER TRAINER R'10,17,1,TITAN LIFE,01-10-2021,
5701000122147,0,270-200043,TITAN LIFE ROWER R65,0,TITAN LIFE,01-10-2021,
5701000168244,48,270-200050,TITAN LIFE ROWER R62,0,TITAN LIFE,17-01-2022,
5701000168251,0,270-200051,TITAN LIFE ROWER R72,48,TITAN LIFE,01-11-2021,
5701000184558,0,270-200088,TITAN LIFE ROWER R95,0,TITAN LIFE,26-07-2021,
5701000188495,0,270-200089,TITAN LIFE ROWER R35,0,TITAN LIFE,08-07-2021,
5701000194397,0,270-200093,TITAN LIFE ROWER R92 PRO,0,TITAN LIFE,01-09-2021,
5701000197145,0,270-200096,TITAN LIFE ROWER R78 WOOD,0,TITAN LIFE,17-08-2021,
5706411020921,103,800-C811050,Chlorine Tablets ,0,TITAN LIFE,,
5060200700075,0,400-010029,Reebok Mat floorguard,1,75,REEBOK,04-10-2021,
5060200700105,83,400-010030,Reebok Mat Treadmill,3,4,REEBOK,04-08-2021,
5060200700068,0,400-010031,Reebok Mat  Bike/Crosstrainer,1,75,REEBOK,04-08-2021,
5701000073173,2,400-800069,TITAN LIFE Protection Mat, 4 pcs.,0,TITAN LIFE,,
5701000078659,1.006,400-800088,TITAN LIFE Multifunctional Protection Mat,3,4,TITAN LIFE,,
885652010191,0,420-127000,Adidas Mat Cardio (Floor Protection),0,ADIDAS,02-09-2021,
5701000202641,0,270-200114,TITAN LIFE BENCH 500 - Adjustable,0,TITAN LIFE,04-10-2021,
5701000202658,0,270-200115,TITAN LIFE BENCH 400 - Adjustable,0,TITAN LIFE,04-10-2021,
5701000021174,0,400-800011,TITAN LIFE Home Gym 100 kg. Power Station,168,TITAN LIFE,01-10-2021,
5701000021235,0,400-800016,TITAN LIFE Hyper Extention,10,5,TITAN LIFE,04-10-2021,
5701000194861,0,400-800160,TITAN LIFE BENCH FLAT BENCH II,0,TITAN LIFE,01-09-2021,
5701000194878,0,400-800161,TITAN LIFE  HYPER EXTENSION II,0,TITAN LIFE,01-09-2021,
5701000194885,0,400-800162,TITAN LIFE BENCH ESSENTIAL BENCH II,0,TITAN LIFE,01-09-2021,
885652000956,0,420-102500,Adidas Home Gym 100kg,190,7,ADIDAS,02-08-2021,
885652016452,0,420-103600,Adidas Functional Sports Rig,0,ADIDAS,02-08-2021,
885652016445,0,420-104600,Adidas Home Gym 45kg,0,ADIDAS,02-08-2021,
885652003261,0,420-105001,Adidas Functional Home Rig,0,ADIDAS,01-09-2021,
5701000096202,0,610-000310,TITAN LIFE Bench Flat Basic,0,TITAN LIFE,02-09-2021,
5701000085947,1,610-000601,TITAN LIFE Power Tower,0,TITAN LIFE,,
5701000096226,37,610-000642,TITAN LIFE Bench Adjustable Pro,0,TITAN LIFE,03-11-2021,
5701000020481,293,400-800010,TITAN LIFE Hula Hoop 1,5kg,1,8,TITAN LIFE,17-08-2021,
5701000021228,9,400-800015,TITAN LIFE Doorgym,12,TITAN LIFE,03-11-2021,
5701000024595,0,400-800042,TITAN LIFE Push Up Bars,0,5,TITAN LIFE,03-09-2021,
5701000077836,453,400-800073,TITAN LIFE Doorway Chin Up Bar,1,6,TITAN LIFE,03-09-2021,
5701000080928,0,400-800099,TITAN LIFE Ab Wheel,0,5,TITAN LIFE,17-08-2021,
5701000120129,241,400-800125,TITAN LIFE Mini Stepper,0,TITAN LIFE,19-07-2021,
885652002288,1.243,420-114000,Adidas Handgrips,0,333,ADIDAS,,
885652002356,756,420-114020,Adidas Door Gym,4,ADIDAS,02-08-2021,
885652002370,648,420-114040,Adidas Ab Wheel,0,608,ADIDAS,02-08-2021,
885652003636,2.465,420-116060,Adidas Mini stretchband set 3 pcs.,0,2,ADIDAS,,
5701000206182,0,420-120113,Adidas Push up bars - Premium,0,ADIDAS,02-09-2021,
885652000741,959,420-122311,Adidas Push up Bars,0,917,ADIDAS,04-08-2021,
5713310001036,272,440-000001,6D SLIDING 2 sliders w/carrybag. Online train code,0,�VRIGE BRANDS,,
5713310001012,74,440-000002,6D SLIDING PRO 4 sliders w/carrybag Online code,0,�VRIGE BRANDS,,
5713310001111,9,440-000003,6D SLIDING Box 10. 10 pcs. in a box. 5 sets,0,�VRIGE BRANDS,,
5713310001609,2,440-000004,6D SLIDING Box 60. 60 sliders in box. 30 sets,0,�VRIGE BRANDS,,
5713310001753,1,440-000005,6D SLIDING Mini White. Mini Disp. 60 pcs. 30 sets,0,�VRIGE BRANDS,,
5701000154094,7,440-000007,6D SLIDING Care 6D Carebox 10 pcs., 5 sets,0,�VRIGE BRANDS,,
0747180341492,49,470-000310,Boobuddy Black Small, 1 pcs.,0,�VRIGE BRANDS,,
0747180341560,21,470-000311,Boobuddy Black Medium, 1 pcs.,0,�VRIGE BRANDS,,
0747180341539,21,470-000312,Boobuddy Pink Small, 1 pcs.,0,�VRIGE BRANDS,,
5701000113404,567,610-000801,TITAN LIFE Ab Wheel (Fat wheel) Black,0,TITAN LIFE,,
885652004596,45,420-123313,Adidas Gloves Sh. Fingered Perf Red S,0,8,ADIDAS,,
885652002783,47,420-123341,Adidas Gloves Sh. Fingered Perf. Red XL,0,072,ADIDAS,,
5701000095588,191,610-000076,TITAN LIFE Ankel strap. Leather. Adjustable Black,0,TITAN LIFE,,
885652014373,415,400-110150,Reebok Step Mini,0,REEBOK,02-08-2021,
5055436115595,0,400-211503,Reebok Step Studio DELTA,8,REEBOK,02-08-2021,
5055436104506,12,400-220002,Reebok Rack Step GREY Studio,5,6,REEBOK,,
5701000258891,239,499-101500,Reebok Step Sparepart Platform Red,0,7,REEBOK,,
5701000270800,192,499-101501,Reebok Step Sparepart Connector Red,0,01,REEBOK,,
5701000144798,10.629,499-101530,Reebok Step Sparepart: Clip - All Steps,0,01,REEBOK,,
5701000162136,2.778,499-101532,Reebok Step Sparepart: Rubber Feet - All,0,01,REEBOK,,
5055436115120,366,400-216080,Reebok Jump Rope Leather DELTA Studio,0,3,REEBOK,03-09-2021,
5055436115113,0,400-216081,Reebok Jump Rope DELTA Studio,0,REEBOK,02-08-2021,
5055436115106,56,400-216082,Reebok Speed Rope DELTA Studio,0,2,REEBOK,02-09-2021,
885652004343,519,420-110160,Adidas jump Cable Skipping Rope,0,3,ADIDAS,,
5701000097063,697,610-000144,TITAN LIFE Jump rope. Color Black,0,TITAN LIFE,,
885652009881,55,400-110140,Reebok Mat Fitness 7mm Black,0,REEBOK,05-10-2021,
885652009904,300,400-110141,Reebok Mat Training 7mm Red,0,REEBOK,,
885652020411,298,400-110151,Reebok Mat Training 10mm Black,0,REEBOK,,
0885652009805,0,400-110221,Reebok Mat Yoga 4mm Purple,0,REEBOK,04-01-2022,
5055436110330,0,400-110222,Reebok Mat Yoga 4mm Green,0,REEBOK,04-01-2022,
5055436115496,838,400-216021,Reebok Mat DELTA Studio,1,REEBOK,02-08-2021,
5055436115526,189,400-216022,Reebok Mat Yoga Elite DELTA Studio,1,REEBOK,02-08-2021,
885652010863,0,400-216026,Reebok Mat Yoga Delta BLACK,1,REEBOK,02-08-2021,
5055436104438,4,400-220000,Reebok Rack Mat Rack GREY Studio,0,REEBOK,,
5701000291805,155,400-900270,Reebok Rack Studio Wall Mat BLACK,5,REEBOK,04-10-2021,
885652012492,148,420-101000,Adidas Mat Yoga 8mm Raw Green,0,ADIDAS,17-09-2021,
885652012478,274,420-101002,Adidas Mat Yoga 8mm Mystery Ruby,0,ADIDAS,,
885652012485,211,420-101003,Adidas Mat Yoga 8mm Trace Blue,0,ADIDAS,17-09-2021,
5055436116691,1.047,420-160280,Reebok Mat Pilates w/eyelets BLACK 2019 Version,0,REEBOK,,
885652020008,113,420-202000,Adidas Yoga Strap Grey,0,ADIDAS,,
5701000096424,1.657,610-000128,TITAN LIFE Mat Training 180x60x1,5cm. Blue,0,TITAN LIFE,09-08-2021,
5701000096448,148,610-000129,TITAN LIFE Mat Training. 177x60x1,5cm. Grey,0,TITAN LIFE,03-12-2021,
5701000096547,2.540,610-000777,TITAN LIFE Yoga Mat. Color: Blue,0,TITAN LIFE,,
5701000083806,40,610-000778,Comfortgym 100 x 60cm x 7mm,0,TITAN LIFE,,
5701000096561,0,610-000779,TITAN LIFE Yoga Mat. Color, Pink,0,TITAN LIFE,03-12-2021,
5701000096585,0,610-000780,TITAN LIFE Yoga Mat. Color:  Black incl. Eyelet,0,TITAN LIFE,03-12-2021,
5701000094222,0,610-000113,UDG�ET - TITAN LIFE Kettlebell 10kg. Plastic,0,TITAN LIFE,,
5701000094307,0,610-000117,UDG�ET - TITAN LIFE Kettlebell 4kg. Plastic,0,TITAN LIFE,,
5701000094321,0,610-000118,UDG�ET - TITAN LIFE Kettlebell 6kg. Plastic,0,TITAN LIFE,,
5701000094345,129,610-000119,TITAN LIFE Kettlebell 8kg. Plastic,0,TITAN LIFE,,
5701000089280,0,610-000734,TITAN LIFE Kettlebell 10kg Purple. Cast iron w/Vin,0,TITAN LIFE,09-08-2021,
5701000089303,0,610-000735,TITAN LIFE Kettlebell 12kg Red. Cast iron w/Vin,0,TITAN LIFE,09-08-2021,
5701000089327,0,610-000736,TITAN LIFE Kettlebell 16kg Orange Cast iron w/Vin,0,TITAN LIFE,09-08-2021,
5701000089341,0,610-000737,TITAN LIFE Kettlebell 20kg Blue. Cast iron w/Vin,0,TITAN LIFE,09-08-2021,
5701000089365,0,610-000738,TITAN LIFE Kettlebell 4kg Red. Cast iron incl. Vin,0,TITAN LIFE,03-01-2022,
5701000089389,0,610-000739,TITAN LIFE Kettlebell 6kg Green. Cast iron w/Vin,0,TITAN LIFE,03-01-2022,
5701000089402,0,610-000740,TITAN LIFE Kettlebell 8kg Blue. Cast iron w/Vin,0,TITAN LIFE,03-01-2022,
5055436104841,6,400-201840,Reebok Wallball 12kg Studio,12,REEBOK,,
5055436114048,12,400-210103,Reebok Med Ball Dynamax 3kg Studio,3,65,REEBOK,,
5055436114062,5,400-210105,Reebok Med Ball Dynamax 5kg Studio,5,65,REEBOK,,
5055436114079,17,400-210106,Reebok Med Ball Dynamax 6kg Studio,7,REEBOK,,
5055436114093,37,400-210108,Reebok Med Ball Dynamax 8kg Studio,9,REEBOK,,
5055436114109,13,400-210109,Reebok Med Ball Dynamax 9kg Studio,10,REEBOK,,
5055436114116,20,400-210110,Reebok Med Ball Dynamax 10kg Studio,11,REEBOK,,
5055436114123,8,400-210111,Reebol Med Ball Dynamax 11kg Studio,12,REEBOK,,
5055436114130,2,400-210112,Reebok Med Ball Dynamax 12kg Studio,13,REEBOK,,
5701000254275,4,400-300240,Titan Box Wall Ball Large Rage 8kg,8,5,TITAN LIFE,,
5701000091467,7,610-000477,Medicinbold 10kg,0,TITAN LIFE,,
5701000091481,8,610-000479,Medicinbold 1kg,0,TITAN LIFE,,
5701000091566,7,610-000487,Medicinbold 5kg,0,TITAN LIFE,,
5701000091580,1,610-000489,TITAN LIFE Medicinball 6kg,0,TITAN LIFE,,
5701000091603,15,610-000491,Medicinbold 7kg,0,TITAN LIFE,,
5701000091627,11,610-000493,Medicinbold 8kg,0,TITAN LIFE,,
5701000091641,11,610-000494,Medicinbold 9kg,0,TITAN LIFE,,
5701000097520,22,610-000715,Trampolin Til Medicinbolde,0,TITAN LIFE,,
5701000091061,40,610-000749,V�gtbold 0,5kg,0,TITAN LIFE,,
5701000091085,37,610-000750,V�gtbold 1kg,0,TITAN LIFE,,
5701000091108,7,610-000751,V�gtbold 2kg,0,TITAN LIFE,,
5701000091122,6,610-000752,V�gtbold 3kg,0,TITAN LIFE,,
5701000091160,7,610-000754,V�gtbold 4kg,0,TITAN LIFE,,
5701000087408,2,610-000756,Wall Ball 10kg Tr�ningsbold,0,TITAN LIFE,,
5055436115069,0,400-216075,Reebok Resistance Tube Light DELTA Studi,0,2,REEBOK,04-08-2021,
5055436115076,0,400-216076,Reebok Resistance Tube Med. DELTA Studio,0,2,REEBOK,04-08-2021,
5055436115083,0,400-216077,Reebok Resistance Tube Heavy DELTA Studi,0,2,REEBOK,,
5055436104599,18,400-220003,Reebok Rack for Tubes GREY Studio,19,REEBOK,,
5701000091726,300,610-000100,TITAN LIFE Resistance Tube. Level Hard Black,0,TITAN LIFE,03-12-2021,
5701000091702,0,610-000101,TITAN LIFE Resistance Tube. Level Light Black,0,TITAN LIFE,03-12-2021,
5701000091689,1.000,610-000102,TITAN LIFE Resistance Tube. Level Medium BLack,0,TITAN LIFE,03-12-2021,
5701000205949,0,270-000137,V�gts�t 60 kg - 4 colli,0,TITAN LIFE,02-08-2022,
5055436113812,1,400-211066,Reebok Dumbbell Hex 30kg Studio,30,1,REEBOK,,
5055436112006,3,400-211069,Reebok Dumbbell Hex 45kg Studio,45,1,REEBOK,,
5055436115212,22,400-216051,Reebok Handweight 1kg DELTA Studio,1,2,REEBOK,,
5701000073104,0,400-800062,UDG�ET - TITAN LIFE Balance  & Weight Board,0,TITAN LIFE,,
5701000101234,0,400-800618,TITAN LIFE PRO Dumbbell 18kg PU BLUE,0,TITAN LIFE,,
5701000101258,2,400-800622,TITAN LIFE PRO Dumbbell 22kg PU BLUE,0,TITAN LIFE,,
5701000101272,14,400-800626,TITAN LIFE PRO Dumbbell 26kg PU BLUE,0,TITAN LIFE,,
5701000101289,0,400-800628,TITAN LIFE PRO Dumbbell 28kg PU BLUE,0,TITAN LIFE,,
5701000101296,13,400-800630,TITAN LIFE PRO Dumbbell 30kg PU BLUE,0,TITAN LIFE,,
5701000101302,23,400-800632,TITAN LIFE PRO Dumbbell 32kg PU BLUE,0,TITAN LIFE,,
5701000101326,11,400-800636,TITAN LIFE PRO Dumbbell 36kg PU BLUE,0,TITAN LIFE,,
5701000101333,15,400-800638,TITAN LIFE PRO Dumbbell 38kg PU BLUE,0,TITAN LIFE,,
5701000101340,24,400-800640,TITAN LIFE PRO Dumbbell 40kg PU BLUE,0,TITAN LIFE,,
5701000101364,14,400-800642,TITAN LIFE PRO Dumbbell 42kg PU BLUE,0,TITAN LIFE,,
5701000101371,14,400-800644,TITAN LIFE PRO Dumbbell 44kg PU BLUE,0,TITAN LIFE,,
5701000101388,11,400-800646,TITAN LIFE PRO Dumbbell 46kg PU BLUE,0,TITAN LIFE,,
5701000101395,9,400-800648,TITAN LIFE PRO Dumbbell 48kg PU BLUE,0,TITAN LIFE,,
5701000101401,6,400-800650,TITAN LIFE PRO Dumbbell 50kg PU BLUE,0,TITAN LIFE,,
5701000093843,1,610-000021,20kg Pro H�ndv�gt,0,TITAN LIFE,,
5701000093881,1,610-000025,24kg Pro H�ndv�gt,0,TITAN LIFE,,
5701000093829,12,610-000031,2kg Pro H�ndv�gt,0,TITAN LIFE,,
5701000093980,1,610-000036,34kg Pro H�ndv�gt,0,TITAN LIFE,,
5701000093584,5,610-000040,TITAN LIFE Aerobic Handwight 3 kg,0,TITAN LIFE,,
5701000094062,3,610-000041,40kg Pro H�ndv�gt,0,TITAN LIFE,,
5701000094109,2,610-000043,44kg Pro H�ndv�gt,0,TITAN LIFE,,
5701000093607,19,610-000047,TITAN LIFE Aerobic Handweight 4 kg,0,TITAN LIFE,,
5701000094048,2,610-000048,4kg Pro H�ndv�gt,0,TITAN LIFE,,
5701000094864,0,610-000112,TITAN LIFE Dumbbell 20 kg. 1 pcs. Adjustable/con,0,TITAN LIFE,04-10-2021,
5701000085282,165,610-000154,UDG�ET - TITAN LIFE Handweight Pow 2,5 - 24kg,0,TITAN LIFE,,
5701000095625,14,610-000670,Stativ til h�ndv�gte, aerobic,0,TITAN LIFE,,
5055436115359,2,400-216330,Reebok Rack Dumbbell DELTA,42,REEBOK,,
5701000095960,8,610-000088,Barbell Rack,0,TITAN LIFE,,
5701000095649,7,610-000279,Dumbbell Rack / Stativ til h�ndv�gte 10 par,0,TITAN LIFE,,
5701000095786,1,610-000664,Stativ til 10 s�t h�ndv�gte,0,TITAN LIFE,,
5701000089945,3,610-000671,Stativ til h�ndv�gte (uden v�gte!),0,TITAN LIFE,,
5701000097445,3,610-000745,V�gbeslag til m�tte,0,TITAN LIFE,,
5701000099227,1,610-000783,Rack for 5 sets of MD2108,0,TITAN LIFE,,
5055436104650,36,400-211093,Reebok Rep set discs 2x1,25kg Studio, 30mm,2,5,REEBOK,,
885652011778,521,400-211600,Reebok Rep Set 20kg DELTA 25mm,0,REEBOK,,
885652011785,126,400-211601,Reebok Rep Discs 1,25kg set of 2 DELTA 25mm,0,REEBOK,,
885652011792,123,400-211602,Reebok Rep Discs 2,5kg set of 2 DELTA 25mm,0,REEBOK,,
885652011808,405,400-211605,Reebok Rep Discs 5kg set of 2 DELTA 25mm,0,REEBOK,,
885652011815,105,400-211606,Reebok Rep Bar DELTA 25mm,0,REEBOK,,
885652011822,111,400-211607,Reebok Rep Collars set of 2 DELTA 25mm,0,REEBOK,,
5055436115137,103,400-216091,Reebok Rep discs 2 x 1,25kg DELTA 30mm,0,REEBOK,,
5055436115144,33,400-216092,Reebok Rep discs 2 x 2,5kg DELTA 30mm,0,REEBOK,,
5055436115175,283,400-216095,Reebok rep set Steel bar DELTA 30mm,2,5,REEBOK,,
5055436115182,468,400-216096,Reebok Rep Muscle Clamps DELTA 30mm,0,REEBOK,,
5701000291799,0,400-900260,Reebok Rack Rep sets, 20 pcs. BLACK,28,REEBOK,04-10-2021,
5701000089440,90,610-000120,TITAN LIFE Pump set 20 kg. 1 pcs.,0,TITAN LIFE,02-09-2021,
5701000089464,107,610-000156,Bodybar 2kg,0,TITAN LIFE,,
5701000089488,31,610-000157,Bodybar 3kg,0,TITAN LIFE,,
5701000095861,4,610-000730,Tr�ningsstativ til opbevaring af Pumpset,0,TITAN LIFE,,
5060200702758,19,400-210150,Reebok Gymball 55cm ABS - Orange Studio,1,4,REEBOK,,
5055436115618,72,400-216015,Reebok Gymball 55cm DELTA Studio,1,5,REEBOK,05-10-2021,
5055436115625,263,400-216016,Reebok Gymball 65cm DELTA Studio,1,8,REEBOK,02-08-2021,
5055436115632,61,400-216017,Reebok Gymball 75cm DELTA Studio,1,8,REEBOK,02-08-2021,
7298417430722,0,400-500010,bobo Balance Trainer - Home,0,�VRIGE BRANDS,,
7298417430739,5,400-500011,bobo Balance Trainer - Motion,0,�VRIGE BRANDS,,
5701000291768,2,400-900240,Reebok Rack Gymball, 1 pce, BLACK,10,REEBOK,04-10-2021,
5701000092662,829,610-000083,TTIAN LIFE Balance Pad Air. Color: Black,0,TITAN LIFE,,
5701000091207,244,610-000655,Smart Pumpe til tr�ningsbolde,0,TITAN LIFE,,
5055436115564,140,400-216023,Reebok Yoga Strap DELTA,0,REEBOK,,
5701000169340,1.544,400-800985,TITAN LIFE PRO Yoga Block,0,TITAN LIFE,,
5701000096820,149,610-000105,Billig Foam Roller 15x45cm Bl�,0,TITAN LIFE,,
5701000096660,914,610-000106,TITAN LIFE Foam Roller. Color: Blue,0,TITAN LIFE,,
5701000096684,387,610-000107,TITAN LIFE Foam Roller. Color: Green,0,TITAN LIFE,,
5701000096806,558,610-000314,TITAN LIFE foam roller 15x90cm. Color: Blue,0,TITAN LIFE,,
5701000097025,107,610-000467,TITAN LIFE Foam Roller 10 x 30 cm. Small. Black.,0,TITAN LIFE,,
5701000096844,154,610-000512,TITAN LIFE Foam Roller 32 x 15cm. Blue,0,TITAN LIFE,,
5701000086821,191,610-000590,Pilates Bold 22cm,0,TITAN LIFE,,
5701000096943,17,610-000771,TITAN LIFE Foam Roller Yoga. Black,0,TITAN LIFE,,
5701000096981,58,610-000773,TITAN LIFE Foam Roller Yoga. Orange,0,TITAN LIFE,,
5060200701850,15,400-212050,Reebok Lateral Endurance Hurdle Studio,4,5,REEBOK,,
5701000164796,114,400-500012,BlazePod Trainer 6 pcs. +app+bag+power station ,0,�VRIGE BRANDS,,
5701000164802,125,400-500013,BlazePod Standard 4 pcs. +app+bag+power station,0,�VRIGE BRANDS,,
5701000173767,161,400-500014,Blazepod Single Pod. excl. power station,0,�VRIGE BRANDS,,
5701000173774,127,400-500015,Blazepod Functional Adapter Kit+strap+cup+adapter,0,�VRIGE BRANDS,,
5701000173798,75,400-500016,Blazepod Cone Adapter Kit ,0,�VRIGE BRANDS,,
5701000173804,0,400-500017,UDG�ET - Blazepod Hardcase 6 pcs. incl. handle,0,BLAZEPOD,,
5701000173811,10,400-500018,Blazepod Hardcase 4 pcs. incl. handle,0,�VRIGE BRANDS,,
5055436114239,4,400-103202,Reebok Combat Leather MMA Gloves L,0,3,REEBOK,,
5055436114284,11,400-104203,Reebok Combat MMA Glove XL,0,3,REEBOK,,
5055436116011,8,400-111580,Reebok Combat Hand Wraps (2m) Black,0,11,REEBOK,,
885652010979,92,400-111712,Reebok Boxing Gloves 12OZ Gold/Black,0,8,REEBOK,,
885652010986,38,400-111714,Reebok Boxing Gloves 14OZ Gold / Black,1,REEBOK,,
885652010993,28,400-111716,Reebok Boxing Gloves 16OZ Gold / Black,0,REEBOK,,
5055436112655,2,400-112750,Reebok Combat Grappling Bag,21,1,REEBOK,,
885652010412,66,400-120112,Reebok Boxing Gloves - 12OZ Black,0,42,REEBOK,,
885652010429,77,400-120114,Reebok Boxing Gloves - 14OZ Black,0,45,REEBOK,,
885652010436,56,400-120116,Reebok Boxing Gloves - 16oz Black,0,REEBOK,,
5055436113300,3,400-210075,Reebok Combat Boxing Mitts S Purple,0,7,REEBOK,,
5055436113416,4,400-210078,Reebok Combat Boxing Mitts XL Grey,0,7,REEBOK,,
5055436113607,4,400-210101,Reebok Combat Leather Training Glov 14OZ,0,2,REEBOK,,
8965005123036,10,470-000184,Starpro Boxing Crepe Bandage Black,0,075,STARPRO,,
5701000092426,0,610-000078,TITAN LIFE Suspension Trainer. Color Army,0,TITAN LIFE,03-12-2021,
5701000091887,398,610-000618,TITAN LIFE Suspension Trainer.Color: Black,0,TITAN LIFE,03-11-2021,
5701000096141,531,610-000744,TITAN LIFE Wall & ceiling attach. for ALL suspensi,0,TITAN LIFE,,
5701000103351,0,610-000796,UDG�ET - TITAN LIFE Crossfit Timer,0,TITAN LIFE,,
5701000091863,494,610-000386,TITAN LIFE Gym rings - Synthetic I - Black rings,0,TITAN LIFE,,
5055436111634,188,400-210500,Reebok Parallette Bars Delta Studio,5,REEBOK,,
5701000117259,1.035,500-400400,Ergotile Quad C4 1000*1000*15mm Sort/gr�,0,�VRIGE BRANDS,20-10-2021,
5701000117266,313,500-400500,Ergotile Quad C1 1000*1000*15mm Sort,0,�VRIGE BRANDS,20-10-2021,
5701000086401,18,610-000513,Prallelgreb 95cm, buet,0,TITAN LIFE,,
5701000095328,18,610-000538,Parallelgreb 85 cm,0,TITAN LIFE,,
5701000092969,8,610-000607,Powerbag 5kg,0,TITAN LIFE,,
5701000095366,5,610-000718,Triceps Push Down,0,TITAN LIFE,,
5701000211995,0,360-100400,MD Strength Band 2 1/2 inch Medium Blue,0,7,�VRIGE BRANDS,,
5701000257726,0,360-110410,MD Recovery Band Orange,0,3,�VRIGE BRANDS,,
5701000111943,351,400-030030,Elasticband White - Light,0,1,�VRIGE BRANDS,,
5701000111950,512,400-030031,Elasticband Yellow - Heavy,0,1,�VRIGE BRANDS,,
5701000111967,480,400-030032,Elasticband Blue - Medium,0,1,�VRIGE BRANDS,,
885652017336,0,400-112810,Reebok Weight Vest 5kg,0,REEBOK,03-11-2021,
885652017350,0,400-112820,Reebok Weight Vest 10kg,0,REEBOK,03-11-2021,
5701000180383,0,400-800000,TITAN LIFE 30kg Weight Vest,31,5,TITAN LIFE,04-04-2022,
5701000147553,0,400-800133,TITAN LIFE TACTICAL VEST 14kg Black,0,TITAN LIFE,03-12-2021,
885652000291,0,420-127005,Adidas Full Body Weight Vest,0,ADIDAS,02-09-2021,
5701000087644,1,610-000726,TITAN LIFE Weightlifting Belt Leather,0,TITAN LIFE,,
5701000080614,87,400-800092,TITAN LIFE PRO Plyo Boxes Wooden,16,TITAN LIFE,,
5701000096042,194,610-000598,TITAN LIFE Plyo Box, wood,  40x50x60cm,0,TITAN LIFE,,
5055436111818,8,400-202305,Reebok Slam Ball 2 kg Delta Studio,2,1,REEBOK,,
5055436111825,10,400-202310,Reebok Slam Ball 3 kg Delta Studio,3,1,REEBOK,,
5701000087200,6,610-000644,Slammer Ball 12kg,0,TITAN LIFE,,
5701000087224,4,610-000645,Slammer Ball 14kg,0,TITAN LIFE,,
5701000087262,37,610-000647,Slammer Ball 16kg,0,TITAN LIFE,,
5701000087286,6,610-000648,Slammer Ball 18kg,0,TITAN LIFE,,
5701000087309,1,610-000649,Slammer Ball 20kg,0,TITAN LIFE,,
5701000087361,2,610-000652,Slammer Ball 8kg,0,TITAN LIFE,,
5701000092181,8,610-000455,Klatrereb 8 m,0,TITAN LIFE,,
5701000077874,45,400-800081,TITAN LIFE PRO Chalk,0,6,TITAN LIFE,10-08-2021,
5701000094901,203,610-000307,Fjederl�s 30mm, s�t � 2,0,TITAN LIFE,,
5701000094925,509,610-000309,Fjederl�s 50mm, s�t � 2,0,TITAN LIFE,,
5701000094963,1,610-000470,Lock Jaw Aluminium Sort,0,TITAN LIFE,,
5701000095168,0,610-000525,TITAN LIFE Olympisk HEX Bar,0,TITAN LIFE,02-09-2021,
5701000095007,34,610-000526,TITAN LIFE Olympic Bar 10kg 120cm,0,TITAN LIFE,03-01-2022,
5701000095021,19,610-000527,TITAN LIFE Olympic Bar. 15 kg. 183cm. Dia. 50mm,0,TITAN LIFE,03-01-2022,
5701000095045,88,610-000528,TITAN LIFE Olympic Bar. 20 kg. 220cm. Dia. 50mm,0,TITAN LIFE,03-01-2022,
5701000095144,40,610-000716,Triceps Bar,0,TITAN LIFE,,
5055436118572,88,400-201017,Reebok RackVerticalPlate Deta Studio,10,5,REEBOK,,
5055436116394,15,400-202000,Reebok Rack Horizontal Plate Studio DELTA,16,REEBOK,,
5701000272248,15,400-300930,Titan BOX Plate Bumper Elite 25kg pc.,25,TITAN LIFE,,
5701000086661,69,610-000000,1,25kg OL V�gtskive Poly Urethane,0,TITAN LIFE,,
5701000086562,0,610-000001,TITAN LIFE Weight disc Pro. OL 50mm. 1,25kg,0,TITAN LIFE,02-09-2021,
5701000086586,0,610-000007,TITAN LIFE Weight disc Pro. OL 50mm. 10kg,0,TITAN LIFE,04-10-2021,
5701000090842,1,610-000012,TITAN LIFE Weight disc Pro. OL 50mm. 15kg,0,TITAN LIFE,04-10-2021,
5701000086609,390,610-000018,TITAN LIFE Weight disc Pro. OL 50mm. 2,5kg,0,TITAN LIFE,04-10-2021,
5701000086623,1,610-000022,TITAN LIFE Weight disc Pro. OL 50mm. 20kg,0,TITAN LIFE,04-10-2021,
5701000090705,4,610-000023,20kg V�gtskive 50mm,0,TITAN LIFE,,
5701000086760,22,610-000026,25kg OL V�gtskive Poly Urethane,0,TITAN LIFE,,
5701000086647,2,610-000053,TITAN LIFE Weight disc Pro. OL 50mm. 5kg,0,TITAN LIFE,04-10-2021,
5701000090767,0,610-000213,TITAN LIFE Bumper Plate 10kg. Dia. 50mm. Rubber Bl,0,TITAN LIFE,02-09-2021,
5701000090781,0,610-000215,TITAN LIFE Bumper Plate 15kg. Dia. 50mm. Rubber  B,0,TITAN LIFE,02-09-2021,
5701000090804,0,610-000216,TITAN LIFE Bumper Plate 20kg Dia. 50mm Rubber B.,0,TITAN LIFE,02-09-2021,
5701000090828,0,610-000218,TITAN LIFE Bumper Plate 5kg. Dia. 50mm. Rubber Bla,0,TITAN LIFE,02-09-2021,
5701000097223,0,610-000520,TITAN LIFE Weight disc. 0,5 kg.Dia. 50 mm. Steel ,0,TITAN LIFE,04-10-2021,
5701000097247,0,610-000521,TITAN LIFE Weight disc. 0,75 kg. Dia.50 mm. Steel,0,TITAN LIFE,04-10-2021,
5701000097261,0,610-000523,TITAN LIFE Weight disc.1 kg. Dia. 50 mm. Steel,0,TITAN LIFE,04-10-2021,
5701000181465,400,610-000803,TITAN LIFE Weight Disc 5 kg. Rubber. �50mm. Black,0,TITAN LIFE,02-09-2021,
5701000181472,520,610-000804,TITAN LIFE Weight Disc 10 kg. Rubber. �50mm. Black,0,TITAN LIFE,02-09-2021,
5701000181489,452,610-000805,TITAN LIFE Weight Disc 15 kg. Rubber. �50mm. Black,0,TITAN LIFE,02-09-2021,
5701000181496,346,610-000806,TITAN LIFE Weight Disc 20 kg. Rubber. �50mm. Black,0,TITAN LIFE,02-09-2021,
5055436111641,3,400-210603,Reebok Wallmount.pullup Delta Studio,7,REEBOK,02-08-2021,
5701000194908,0,400-800164,TITAN LIFE Squat stand & Chin up II,0,TITAN LIFE,17-08-2021,
5701000194915,0,400-800165,TITAN LIFE Squat stand II,0,TITAN LIFE,17-08-2021,
5701000132757,33,400-800131,TITAN LIFE Massage Trigger Gun Black,0,TITAN LIFE,,
5701000173422,81,400-800141,TITAN LIFE Vibration Dual Trigger Head Black,0,TITAN LIFE,,
5701000175143,25,440-000028,Theragun Massager Pro, Black,0,THERAGUN,,
5701000175150,0,440-000029,Theragun Massager Elite, Black,0,THERAGUN,,
5701000175167,0,440-000030,Theragun Massager Prime, Black,0,THERAGUN,,
5701000175174,0,440-000031,Theragun Massager Mini, Black,0,�VRIGE BRANDS,03-08-2021,
5701000175181,6,440-000032,Theragun Massager Waveroller,0,�VRIGE BRANDS,,
5701000189577,50,400-800158,TITAN LIFE Air Jump Track 3,0,TITAN LIFE,,
5701000189560,47,400-800159,TITAN LIFE Air Jump Track 4,0,TITAN LIFE,,
